job_id,job_title,company,location,experience_required,salary,job_description,posted_date,job_url,source,scraped_date,experience_min,experience_max,experience_level,salary_min,salary_max,salary_mid,skills_extracted,skills_text,num_skills,cluster_id,cluster_label,pca_x,pca_y
job_0000,Data Analyst,Uber,Bangalore,2-5 years,9-17 Lacs PA,"Looking for a Data Analyst at Uber in Bangalore. The ideal candidate should have experience in Product Roadmap, Python. Key responsibilities include strategic planning.",2026-01-11,https://example.com/jobs/0,Synthetic,2026-02-11 01:46:24.928558,2.0,5.0,Mid Level,9.0,17.0,13.0,"['Product Roadmap', 'Python']","Product Roadmap, Python",2,3,"Cluster 3: planning, strategic",-0.12363082158624927,0.008576227481154866
job_0001,Product Manager,BCG,Bangalore,3-7 years,23-37 Lacs PA,"Looking for a Product Manager at BCG in Bengaluru. The ideal candidate should have experience in SQL, Stakeholder Management. Key responsibilities include driving growth.",2026-01-23,https://example.com/jobs/1,Synthetic,2026-02-11 01:46:24.928586,3.0,7.0,Mid Level,23.0,37.0,30.0,"['SQL', 'Stakeholder Management']","SQL, Stakeholder Management",2,0,"Cluster 0: growth, include driving",-0.1486833177058978,0.0861001377894677
job_0002,Product Manager,Tata Consultancy Services,Bangalore,7-9 years,23-36 Lacs PA,"Looking for a Product Manager at Tata Consultancy Services in Bengaluru. The ideal candidate should have experience in Amplitude, Machine Learning. Key responsibilities include product lifecycle management.",2026-01-20,https://example.com/jobs/2,Synthetic,2026-02-11 01:46:24.928599,7.0,9.0,Senior Level,23.0,36.0,29.5,"['Amplitude', 'Machine Learning']","Amplitude, Machine Learning",2,4,"Cluster 4: include product, product lifecycle",0.019910648306968082,0.31681393442770195
job_0003,Strategy Manager,Zomato,Pune,1-4 years,Not Disclosed,"Looking for a Strategy Manager at Zomato in Pune. The ideal candidate should have experience in Excel, Financial Modeling. Key responsibilities include data-driven decision making.",2026-01-30,https://example.com/jobs/3,Synthetic,2026-02-11 01:46:24.928612,1.0,4.0,Entry Level,,,,"['Excel', 'Financial Modeling', 'Strategy']","Excel, Financial Modeling, Strategy",3,1,"Cluster 1: financial, modeling",0.5041835492656697,-0.00025928005914589003
job_0004,Strategy Manager,BCG,Pune,5-7 years,Not Disclosed,"Looking for a Strategy Manager at BCG in Pune. The ideal candidate should have experience in NLP, A/B Testing. Key responsibilities include driving growth.",2026-01-23,https://example.com/jobs/4,Synthetic,2026-02-11 01:46:24.928622,5.0,7.0,Senior Level,,,,"['A/B Testing', 'NLP', 'Strategy']","A/B Testing, NLP, Strategy",3,0,"Cluster 0: growth, include driving",-0.08093966816034728,-0.16344585679905818
job_0005,Management Consultant,PhonePe,Gurgaon,4-7 years,24-39 Lacs PA,"Looking for a Management Consultant at PhonePe in Gurugram. The ideal candidate should have experience in JIRA, Communication. Key responsibilities include data-driven decision making.",2026-01-27,https://example.com/jobs/5,Synthetic,2026-02-11 01:46:24.928633,4.0,7.0,Mid Level,24.0,39.0,31.5,"['Communication', 'JIRA']","Communication, JIRA",2,2,"Cluster 2: driven decision, making",0.35202459381442164,0.15740888174892315
job_0006,Management Consultant,Flipkart,Pune,1-6 years,25-33 Lacs PA,"Looking for a Management Consultant at Flipkart in Pune. The ideal candidate should have experience in Communication, Leadership. Key responsibilities include data-driven decision making.",2026-01-23,https://example.com/jobs/6,Synthetic,2026-02-11 01:46:24.928645,1.0,6.0,Entry Level,25.0,33.0,29.0,"['Communication', 'Leadership']","Communication, Leadership",2,2,"Cluster 2: driven decision, making",0.30105441871828487,0.1511398460920224
job_0007,Business Intelligence Analyst,PhonePe,Hyderabad,8-13 years,Not Disclosed,"Looking for a Business Intelligence Analyst at PhonePe in Hyderabad. The ideal candidate should have experience in Google Analytics, User Research. Key responsibilities include product lifecycle management.",2026-01-05,https://example.com/jobs/7,Synthetic,2026-02-11 01:46:24.928655,8.0,13.0,Senior Level,,,,"['Google Analytics', 'User Research']","Google Analytics, User Research",2,4,"Cluster 4: include product, product lifecycle",-0.2482506309482456,0.37797013992285233
job_0008,Strategy Manager,Amazon,Bangalore,4-6 years,Not Disclosed,"Looking for a Strategy Manager at Amazon in Bangalore. The ideal candidate should have experience in Amplitude, Financial Modeling. Key responsibilities include data-driven decision making.",2026-01-02,https://example.com/jobs/8,Synthetic,2026-02-11 01:46:24.928668,4.0,6.0,Mid Level,,,,"['Amplitude', 'Financial Modeling', 'Strategy']","Amplitude, Financial Modeling, Strategy",3,1,"Cluster 1: financial, modeling",0.520056167516461,-0.06309997490983946
job_0009,Strategy Manager,Deloitte,Bangalore,7-11 years,Not Disclosed,"Looking for a Strategy Manager at Deloitte in Bengaluru. The ideal candidate should have experience in Financial Modeling, Figma. Key responsibilities include data-driven decision making.",2026-01-17,https://example.com/jobs/9,Synthetic,2026-02-11 01:46:24.928678,7.0,11.0,Senior Level,,,,"['Figma', 'Financial Modeling', 'Strategy']","Figma, Financial Modeling, Strategy",3,1,"Cluster 1: financial, modeling",0.5124677894177343,-0.061754764910814886
job_0010,Management Consultant,Uber,Gurgaon,2-4 years,25-40 Lacs PA,"Looking for a Management Consultant at Uber in Gurugram. The ideal candidate should have experience in A/B Testing, Leadership. Key responsibilities include product lifecycle management.",2026-01-28,https://example.com/jobs/10,Synthetic,2026-02-11 01:46:24.928697,2.0,4.0,Mid Level,25.0,40.0,32.5,"['A/B Testing', 'Leadership']","A/B Testing, Leadership",2,4,"Cluster 4: include product, product lifecycle",-0.15619412772230679,0.4933753254806856
job_0011,Management Consultant,Ola,Pune,5-9 years,16-26 Lacs PA,"Looking for a Management Consultant at Ola in Pune. The ideal candidate should have experience in Excel, Leadership. Key responsibilities include data-driven decision making.",2026-01-22,https://example.com/jobs/11,Synthetic,2026-02-11 01:46:24.928708,5.0,9.0,Senior Level,16.0,26.0,21.0,"['Excel', 'Leadership']","Excel, Leadership",2,2,"Cluster 2: driven decision, making",0.3236262466949762,0.1433483759116783
job_0012,Growth PM,Paytm,Pune,7-11 years,12-16 Lacs PA,"Looking for a Growth PM at Paytm in Pune. The ideal candidate should have experience in Leadership, Python. Key responsibilities include strategic planning.",2026-01-11,https://example.com/jobs/12,Synthetic,2026-02-11 01:46:24.928718,7.0,11.0,Senior Level,12.0,16.0,14.0,"['Leadership', 'Python']","Leadership, Python",2,3,"Cluster 3: planning, strategic",-0.17634038741781272,-0.2711459920212557
job_0013,Business Analyst,Google,Gurgaon,0-3 years,9-13 Lacs PA,"Looking for a Business Analyst at Google in Gurugram. The ideal candidate should have experience in JIRA, SQL. Key responsibilities include product lifecycle management.",2026-01-16,https://example.com/jobs/13,Synthetic,2026-02-11 01:46:24.928729,0.0,3.0,Entry Level,9.0,13.0,11.0,"['JIRA', 'SQL']","JIRA, SQL",2,4,"Cluster 4: include product, product lifecycle",-0.23655097732405572,0.3940824255260401
job_0014,Technical PM,Deloitte,Gurgaon,0-5 years,6-14 Lacs PA,"Looking for a Technical PM at Deloitte in Gurgaon. The ideal candidate should have experience in Excel, NLP. Key responsibilities include driving growth.",2026-01-04,https://example.com/jobs/14,Synthetic,2026-02-11 01:46:24.928739,0.0,5.0,Entry Level,6.0,14.0,10.0,"['Excel', 'NLP']","Excel, NLP",2,0,"Cluster 0: growth, include driving",-0.13427986365880468,-0.3429740011887811
job_0015,Product Manager,Microsoft,Gurgaon,0-3 years,22-27 Lacs PA,"Looking for a Product Manager at Microsoft in Gurgaon. The ideal candidate should have experience in NLP, Python. Key responsibilities include data-driven decision making.",2026-01-30,https://example.com/jobs/15,Synthetic,2026-02-11 01:46:24.928750,0.0,3.0,Entry Level,22.0,27.0,24.5,"['NLP', 'Python']","NLP, Python",2,2,"Cluster 2: driven decision, making",0.37439489670938003,0.016400201481794677
job_0016,Growth PM,Zomato,Bangalore,1-3 years,9-15 Lacs PA,"Looking for a Growth PM at Zomato in Bangalore. The ideal candidate should have experience in Leadership, Machine Learning. Key responsibilities include strategic planning.",2026-01-06,https://example.com/jobs/16,Synthetic,2026-02-11 01:46:24.928761,1.0,3.0,Entry Level,9.0,15.0,12.0,"['Leadership', 'Machine Learning']","Leadership, Machine Learning",2,3,"Cluster 3: planning, strategic",-0.1208062949014663,-0.20479556310875058
job_0017,Data Analyst,BCG,Gurgaon,1-4 years,12-19 Lacs PA,"Looking for a Data Analyst at BCG in Gurugram. The ideal candidate should have experience in Python, Leadership. Key responsibilities include driving growth.",2026-01-18,https://example.com/jobs/17,Synthetic,2026-02-11 01:46:24.928771,1.0,4.0,Entry Level,12.0,19.0,15.5,"['Leadership', 'Python']","Leadership, Python",2,0,"Cluster 0: growth, include driving",-0.08782630366378956,-0.22019965900242405
job_0018,Management Consultant,Zomato,Mumbai,1-3 years,24-29 Lacs PA,"Looking for a Management Consultant at Zomato in Mumbai. The ideal candidate should have experience in Product Roadmap, SQL. Key responsibilities include product lifecycle management.",2026-01-06,https://example.com/jobs/18,Synthetic,2026-02-11 01:46:24.928781,1.0,3.0,Entry Level,24.0,29.0,26.5,"['Product Roadmap', 'SQL']","Product Roadmap, SQL",2,4,"Cluster 4: include product, product lifecycle",-0.17481580154170412,0.5314575905722451
job_0019,Business Analyst,Tata Consultancy Services,Gurgaon,0-5 years,Not Disclosed,"Looking for a Business Analyst at Tata Consultancy Services in Gurgaon. The ideal candidate should have experience in SQL, Power BI. Key responsibilities include strategic planning.",2026-01-09,https://example.com/jobs/19,Synthetic,2026-02-11 01:46:24.928790,0.0,5.0,Entry Level,,,,"['Power BI', 'SQL']","Power BI, SQL",2,3,"Cluster 3: planning, strategic",-0.18636705655144087,-0.12569815785765148
job_0020,Technical PM,Razorpay,Mumbai,1-3 years,Not Disclosed,"Looking for a Technical PM at Razorpay in Mumbai. The ideal candidate should have experience in Machine Learning, JIRA. Key responsibilities include data-driven decision making.",2026-01-15,https://example.com/jobs/20,Synthetic,2026-02-11 01:46:24.928800,1.0,3.0,Entry Level,,,,"['JIRA', 'Machine Learning']","JIRA, Machine Learning",2,2,"Cluster 2: driven decision, making",0.38571925388323475,-0.07701814275338303
job_0021,Growth PM,Reliance Industries,Hyderabad,0-5 years,11-20 Lacs PA,"Looking for a Growth PM at Reliance Industries in Hyderabad. The ideal candidate should have experience in Python, NLP. Key responsibilities include driving growth.",2026-01-02,https://example.com/jobs/21,Synthetic,2026-02-11 01:46:24.928812,0.0,5.0,Entry Level,11.0,20.0,15.5,"['NLP', 'Python']","NLP, Python",2,0,"Cluster 0: growth, include driving",-0.21002248341779767,-0.36061150718492524
job_0022,Product Manager,Flipkart,Bangalore,3-6 years,Not Disclosed,"Looking for a Product Manager at Flipkart in Bangalore. The ideal candidate should have experience in SQL, Communication. Key responsibilities include product lifecycle management.",2026-01-31,https://example.com/jobs/22,Synthetic,2026-02-11 01:46:24.928822,3.0,6.0,Mid Level,,,,"['Communication', 'SQL']","Communication, SQL",2,4,"Cluster 4: include product, product lifecycle",-0.1517884916257044,0.40937233341705076
job_0023,Technical PM,Uber,Gurgaon,0-5 years,11-18 Lacs PA,"Looking for a Technical PM at Uber in Gurgaon. The ideal candidate should have experience in Power BI, Tableau. Key responsibilities include driving growth.",2026-01-22,https://example.com/jobs/23,Synthetic,2026-02-11 01:46:24.928835,0.0,5.0,Entry Level,11.0,18.0,14.5,"['Power BI', 'Tableau']","Power BI, Tableau",2,0,"Cluster 0: growth, include driving",-0.17540430843951965,-0.3646433087656713
job_0024,Business Analyst,Razorpay,Hyderabad,1-4 years,10-16 Lacs PA,"Looking for a Business Analyst at Razorpay in Hyderabad. The ideal candidate should have experience in Python, Power BI. Key responsibilities include product lifecycle management.",2026-01-22,https://example.com/jobs/24,Synthetic,2026-02-11 01:46:24.928845,1.0,4.0,Entry Level,10.0,16.0,13.0,"['Power BI', 'Python']","Power BI, Python",2,4,"Cluster 4: include product, product lifecycle",-0.21563638267044632,0.24804690581388528
job_0026,Data Analyst,Zomato,Bangalore,5-10 years,Not Disclosed,"Looking for a Data Analyst at Zomato in Bengaluru. The ideal candidate should have experience in Leadership, Amplitude. Key responsibilities include strategic planning.",2026-01-12,https://example.com/jobs/26,Synthetic,2026-02-11 01:46:24.928866,5.0,10.0,Senior Level,,,,"['Amplitude', 'Leadership']","Amplitude, Leadership",2,3,"Cluster 3: planning, strategic",-0.06822661746258521,-0.09689711906455543
job_0027,Business Intelligence Analyst,Razorpay,Delhi,1-6 years,6-14 Lacs PA,"Looking for a Business Intelligence Analyst at Razorpay in Delhi. The ideal candidate should have experience in JIRA, Communication. Key responsibilities include driving growth.",2026-01-07,https://example.com/jobs/27,Synthetic,2026-02-11 01:46:24.928875,1.0,6.0,Entry Level,6.0,14.0,10.0,"['Communication', 'JIRA']","Communication, JIRA",2,0,"Cluster 0: growth, include driving",-0.26690794811360263,-0.11844405537065229
job_0028,Strategy Manager,Razorpay,Gurgaon,0-4 years,16-21 Lacs PA,"Looking for a Strategy Manager at Razorpay in Gurugram. The ideal candidate should have experience in Leadership, Financial Modeling. Key responsibilities include data-driven decision making.",2026-01-11,https://example.com/jobs/28,Synthetic,2026-02-11 01:46:24.928884,0.0,4.0,Entry Level,16.0,21.0,18.5,"['Financial Modeling', 'Leadership', 'Strategy']","Financial Modeling, Leadership, Strategy",3,1,"Cluster 1: financial, modeling",0.525397238028501,-0.0026836252993201904
job_0029,Strategy Manager,McKinsey & Co,Bangalore,7-10 years,21-26 Lacs PA,"Looking for a Strategy Manager at McKinsey & Co in Bangalore. The ideal candidate should have experience in Amplitude, A/B Testing. Key responsibilities include data-driven decision making.",2026-01-19,https://example.com/jobs/29,Synthetic,2026-02-11 01:46:24.928893,7.0,10.0,Senior Level,21.0,26.0,23.5,"['A/B Testing', 'Amplitude', 'Strategy']","A/B Testing, Amplitude, Strategy",3,1,"Cluster 1: financial, modeling",0.4083781990807933,-0.017855754585343386
job_0031,Growth PM,Tata Consultancy Services,Bangalore,3-8 years,6-15 Lacs PA,"Looking for a Growth PM at Tata Consultancy Services in Bangalore. The ideal candidate should have experience in Tableau, Product Roadmap. Key responsibilities include driving growth.",2026-01-17,https://example.com/jobs/31,Synthetic,2026-02-11 01:46:24.928911,3.0,8.0,Mid Level,6.0,15.0,10.5,"['Product Roadmap', 'Tableau']","Product Roadmap, Tableau",2,0,"Cluster 0: growth, include driving",-0.1700161358732184,-0.236741723094083
job_0032,Growth PM,Flipkart,Delhi,8-11 years,11-16 Lacs PA,"Looking for a Growth PM at Flipkart in Delhi. The ideal candidate should have experience in A/B Testing, Product Roadmap. Key responsibilities include driving growth.",2026-01-30,https://example.com/jobs/32,Synthetic,2026-02-11 01:46:24.928920,8.0,11.0,Senior Level,11.0,16.0,13.5,"['A/B Testing', 'Product Roadmap']","A/B Testing, Product Roadmap",2,0,"Cluster 0: growth, include driving",-0.27499533410880395,-0.16703121762065146
job_0034,Management Consultant,Google,Pune,0-4 years,Not Disclosed,"Looking for a Management Consultant at Google in Pune. The ideal candidate should have experience in Power BI, Leadership. Key responsibilities include driving growth.",2026-01-20,https://example.com/jobs/34,Synthetic,2026-02-11 01:46:24.928938,0.0,4.0,Entry Level,,,,"['Leadership', 'Power BI']","Leadership, Power BI",2,0,"Cluster 0: growth, include driving",-0.16280344003559044,-0.03277996183598332
job_0036,Business Analyst,Amazon,Pune,3-6 years,10-16 Lacs PA,"Looking for a Business Analyst at Amazon in Pune. The ideal candidate should have experience in Communication, Leadership. Key responsibilities include strategic planning.",2026-01-20,https://example.com/jobs/36,Synthetic,2026-02-11 01:46:24.928957,3.0,6.0,Mid Level,10.0,16.0,13.0,"['Communication', 'Leadership']","Communication, Leadership",2,3,"Cluster 3: planning, strategic",-0.22728610200606367,-0.07048455675378824
job_0037,Management Consultant,Deloitte,Bangalore,6-10 years,Not Disclosed,"Looking for a Management Consultant at Deloitte in Bangalore. The ideal candidate should have experience in Communication, Mixpanel. Key responsibilities include driving growth.",2026-01-04,https://example.com/jobs/37,Synthetic,2026-02-11 01:46:24.928967,6.0,10.0,Senior Level,,,,"['Communication', 'Mixpanel']","Communication, Mixpanel",2,0,"Cluster 0: growth, include driving",-0.11844114211388794,-0.058593654517345155
job_0038,Data Analyst,PhonePe,Bangalore,7-10 years,12-19 Lacs PA,"Looking for a Data Analyst at PhonePe in Bengaluru. The ideal candidate should have experience in JIRA, Power BI. Key responsibilities include driving growth.",2026-01-12,https://example.com/jobs/38,Synthetic,2026-02-11 01:46:24.928976,7.0,10.0,Senior Level,12.0,19.0,15.5,"['JIRA', 'Power BI']","JIRA, Power BI",2,0,"Cluster 0: growth, include driving",-0.059372134437929436,-0.26465908314043834
job_0041,Strategy Manager,Google,Pune,6-9 years,21-34 Lacs PA,"Looking for a Strategy Manager at Google in Pune. The ideal candidate should have experience in JIRA, Machine Learning. Key responsibilities include driving growth.",2026-01-22,https://example.com/jobs/41,Synthetic,2026-02-11 01:46:24.929005,6.0,9.0,Senior Level,21.0,34.0,27.5,"['JIRA', 'Machine Learning', 'Strategy']","JIRA, Machine Learning, Strategy",3,0,"Cluster 0: growth, include driving",0.037853621883856256,-0.12282094744962803
job_0044,Product Manager,Zomato,Pune,4-6 years,17-22 Lacs PA,"Looking for a Product Manager at Zomato in Pune. The ideal candidate should have experience in Google Analytics, Stakeholder Management. Key responsibilities include driving growth.",2026-01-30,https://example.com/jobs/44,Synthetic,2026-02-11 01:46:24.929031,4.0,6.0,Mid Level,17.0,22.0,19.5,"['Google Analytics', 'Stakeholder Management']","Google Analytics, Stakeholder Management",2,0,"Cluster 0: growth, include driving",-0.1592333912760719,0.11821618538754645
job_0045,Business Analyst,McKinsey & Co,Gurgaon,1-5 years,10-19 Lacs PA,"Looking for a Business Analyst at McKinsey & Co in Gurugram. The ideal candidate should have experience in Product Roadmap, JIRA. Key responsibilities include data-driven decision making.",2026-01-21,https://example.com/jobs/45,Synthetic,2026-02-11 01:46:24.929040,1.0,5.0,Entry Level,10.0,19.0,14.5,"['JIRA', 'Product Roadmap']","JIRA, Product Roadmap",2,2,"Cluster 2: driven decision, making",0.23772755281106264,0.11807929173020562
job_0047,Technical PM,Zomato,Delhi,7-12 years,11-19 Lacs PA,"Looking for a Technical PM at Zomato in Delhi. The ideal candidate should have experience in Power BI, Mixpanel. Key responsibilities include strategic planning.",2026-01-26,https://example.com/jobs/47,Synthetic,2026-02-11 01:46:24.929057,7.0,12.0,Senior Level,11.0,19.0,15.0,"['Mixpanel', 'Power BI']","Mixpanel, Power BI",2,3,"Cluster 3: planning, strategic",-0.1474733753476932,-0.20390211923080312
job_0048,Growth PM,Deloitte,Gurgaon,6-11 years,12-20 Lacs PA,"Looking for a Growth PM at Deloitte in Gurugram. The ideal candidate should have experience in Google Analytics, SQL. Key responsibilities include strategic planning.",2026-01-29,https://example.com/jobs/48,Synthetic,2026-02-11 01:46:24.929066,6.0,11.0,Senior Level,12.0,20.0,16.0,"['Google Analytics', 'SQL']","Google Analytics, SQL",2,3,"Cluster 3: planning, strategic",-0.20777369366636375,-0.15381504178936656
job_0049,Technical PM,McKinsey & Co,Delhi,4-7 years,10-15 Lacs PA,"Looking for a Technical PM at McKinsey & Co in Delhi. The ideal candidate should have experience in Product Roadmap, JIRA. Key responsibilities include driving growth.",2026-01-17,https://example.com/jobs/49,Synthetic,2026-02-11 01:46:24.929076,4.0,7.0,Mid Level,10.0,15.0,12.5,"['JIRA', 'Product Roadmap']","JIRA, Product Roadmap",2,0,"Cluster 0: growth, include driving",-0.16246313709498056,-0.17346531465770207
job_0050,Business Analyst,Uber,Gurgaon,5-10 years,Not Disclosed,"Looking for a Business Analyst at Uber in Gurugram. The ideal candidate should have experience in A/B Testing, User Research. Key responsibilities include product lifecycle management.",2026-01-07,https://example.com/jobs/50,Synthetic,2026-02-11 01:46:24.929084,5.0,10.0,Senior Level,,,,"['A/B Testing', 'User Research']","A/B Testing, User Research",2,4,"Cluster 4: include product, product lifecycle",-0.23843059864751726,0.43281094282524873
job_0052,Product Manager,Uber,Delhi,8-13 years,19-31 Lacs PA,"Looking for a Product Manager at Uber in Delhi. The ideal candidate should have experience in Power BI, Machine Learning. Key responsibilities include product lifecycle management.",2026-01-19,https://example.com/jobs/52,Synthetic,2026-02-11 01:46:24.929103,8.0,13.0,Senior Level,19.0,31.0,25.0,"['Machine Learning', 'Power BI']","Machine Learning, Power BI",2,4,"Cluster 4: include product, product lifecycle",-0.09843734317190211,0.3498237273468574
job_0054,Data Analyst,Microsoft,Bangalore,5-8 years,9-16 Lacs PA,"Looking for a Data Analyst at Microsoft in Bangalore. The ideal candidate should have experience in Financial Modeling, Power BI. Key responsibilities include data-driven decision making.",2026-01-18,https://example.com/jobs/54,Synthetic,2026-02-11 01:46:24.929121,5.0,8.0,Senior Level,9.0,16.0,12.5,"['Financial Modeling', 'Power BI']","Financial Modeling, Power BI",2,1,"Cluster 1: financial, modeling",0.450963587562317,-0.10494421723840454
job_0055,Growth PM,McKinsey & Co,Gurgaon,7-10 years,Not Disclosed,"Looking for a Growth PM at McKinsey & Co in Gurgaon. The ideal candidate should have experience in Python, Financial Modeling. Key responsibilities include driving growth.",2026-01-11,https://example.com/jobs/55,Synthetic,2026-02-11 01:46:24.929130,7.0,10.0,Senior Level,,,,"['Financial Modeling', 'Python']","Financial Modeling, Python",2,0,"Cluster 0: growth, include driving",-0.037052515861410576,-0.4021544282409328
job_0056,Technical PM,PhonePe,Delhi,5-10 years,Not Disclosed,"Looking for a Technical PM at PhonePe in Delhi. The ideal candidate should have experience in NLP, JIRA. Key responsibilities include driving growth.",2026-01-11,https://example.com/jobs/56,Synthetic,2026-02-11 01:46:24.929139,5.0,10.0,Senior Level,,,,"['JIRA', 'NLP']","JIRA, NLP",2,0,"Cluster 0: growth, include driving",-0.1543200251489552,-0.3172216967731521
job_0057,Strategy Manager,Flipkart,Gurgaon,2-4 years,15-23 Lacs PA,"Looking for a Strategy Manager at Flipkart in Gurgaon. The ideal candidate should have experience in Machine Learning, User Research. Key responsibilities include product lifecycle management.",2026-01-19,https://example.com/jobs/57,Synthetic,2026-02-11 01:46:24.929148,2.0,4.0,Mid Level,15.0,23.0,19.0,"['Machine Learning', 'Strategy', 'User Research']","Machine Learning, Strategy, User Research",3,4,"Cluster 4: include product, product lifecycle",0.005842367534665929,0.33033414272231604
job_0059,Business Intelligence Analyst,Zomato,Gurgaon,5-7 years,8-15 Lacs PA,"Looking for a Business Intelligence Analyst at Zomato in Gurgaon. The ideal candidate should have experience in Machine Learning, Amplitude. Key responsibilities include driving growth.",2026-01-15,https://example.com/jobs/59,Synthetic,2026-02-11 01:46:24.929167,5.0,7.0,Senior Level,8.0,15.0,11.5,"['Amplitude', 'Machine Learning']","Amplitude, Machine Learning",2,0,"Cluster 0: growth, include driving",-0.17007198252250674,-0.12682547133763816
job_0065,Technical PM,Swiggy,Gurgaon,6-9 years,Not Disclosed,"Looking for a Technical PM at Swiggy in Gurgaon. The ideal candidate should have experience in Mixpanel, Market Research. Key responsibilities include product lifecycle management.",2026-01-12,https://example.com/jobs/65,Synthetic,2026-02-11 01:46:24.929224,6.0,9.0,Senior Level,,,,"['Market Research', 'Mixpanel']","Market Research, Mixpanel",2,4,"Cluster 4: include product, product lifecycle",-0.10170609704409264,0.19287278239739483
job_0067,Strategy Manager,Reliance Industries,Bangalore,5-8 years,20-27 Lacs PA,"Looking for a Strategy Manager at Reliance Industries in Bangalore. The ideal candidate should have experience in Leadership, A/B Testing. Key responsibilities include strategic planning.",2026-01-09,https://example.com/jobs/67,Synthetic,2026-02-11 01:46:24.929242,5.0,8.0,Senior Level,20.0,27.0,23.5,"['A/B Testing', 'Leadership', 'Strategy']","A/B Testing, Leadership, Strategy",3,3,"Cluster 3: planning, strategic",-0.06965784942435023,-0.0721464752803076
job_0068,Management Consultant,Paytm,Gurgaon,5-7 years,Not Disclosed,"Looking for a Management Consultant at Paytm in Gurgaon. The ideal candidate should have experience in Figma, Python. Key responsibilities include strategic planning.",2026-01-11,https://example.com/jobs/68,Synthetic,2026-02-11 01:46:24.929251,5.0,7.0,Senior Level,,,,"['Figma', 'Python']","Figma, Python",2,3,"Cluster 3: planning, strategic",-0.09660399334131665,0.008924002220573199
job_0070,Growth PM,PhonePe,Gurgaon,8-12 years,10-15 Lacs PA,"Looking for a Growth PM at PhonePe in Gurgaon. The ideal candidate should have experience in Machine Learning, Mixpanel. Key responsibilities include data-driven decision making.",2026-01-30,https://example.com/jobs/70,Synthetic,2026-02-11 01:46:24.929272,8.0,12.0,Senior Level,10.0,15.0,12.5,"['Machine Learning', 'Mixpanel']","Machine Learning, Mixpanel",2,2,"Cluster 2: driven decision, making",0.3459897852141222,-0.18968392810300494
job_0072,Data Analyst,Tata Consultancy Services,Bangalore,3-6 years,11-18 Lacs PA,"Looking for a Data Analyst at Tata Consultancy Services in Bengaluru. The ideal candidate should have experience in Python, Amplitude. Key responsibilities include data-driven decision making.",2026-01-07,https://example.com/jobs/72,Synthetic,2026-02-11 01:46:24.929291,3.0,6.0,Mid Level,11.0,18.0,14.5,"['Amplitude', 'Python']","Amplitude, Python",2,2,"Cluster 2: driven decision, making",0.3777658209400863,-0.08279206434662405
job_0076,Management Consultant,Swiggy,Delhi,3-5 years,24-37 Lacs PA,"Looking for a Management Consultant at Swiggy in Delhi. The ideal candidate should have experience in Product Roadmap, Amplitude. Key responsibilities include product lifecycle management.",2026-01-01,https://example.com/jobs/76,Synthetic,2026-02-11 01:46:24.929328,3.0,5.0,Mid Level,24.0,37.0,30.5,"['Amplitude', 'Product Roadmap']","Amplitude, Product Roadmap",2,4,"Cluster 4: include product, product lifecycle",-0.1600405592899619,0.5070364505944253
job_0077,Business Intelligence Analyst,Ola,Bangalore,7-12 years,6-12 Lacs PA,"Looking for a Business Intelligence Analyst at Ola in Bangalore. The ideal candidate should have experience in Leadership, Mixpanel. Key responsibilities include driving growth.",2026-01-26,https://example.com/jobs/77,Synthetic,2026-02-11 01:46:24.929340,7.0,12.0,Senior Level,6.0,12.0,9.0,"['Leadership', 'Mixpanel']","Leadership, Mixpanel",2,0,"Cluster 0: growth, include driving",-0.24233309169727718,-0.1765591587759001
job_0079,Growth PM,Uber,Mumbai,5-10 years,10-16 Lacs PA,"Looking for a Growth PM at Uber in Mumbai. The ideal candidate should have experience in A/B Testing, Leadership. Key responsibilities include driving growth.",2026-01-14,https://example.com/jobs/79,Synthetic,2026-02-11 01:46:24.929359,5.0,10.0,Senior Level,10.0,16.0,13.0,"['A/B Testing', 'Leadership']","A/B Testing, Leadership",2,0,"Cluster 0: growth, include driving",-0.2367845613570478,-0.2786791710959072
job_0080,Product Manager,Amazon,Mumbai,8-10 years,21-32 Lacs PA,"Looking for a Product Manager at Amazon in Mumbai. The ideal candidate should have experience in A/B Testing, Financial Modeling. Key responsibilities include driving growth.",2026-01-21,https://example.com/jobs/80,Synthetic,2026-02-11 01:46:24.929368,8.0,10.0,Senior Level,21.0,32.0,26.5,"['A/B Testing', 'Financial Modeling']","A/B Testing, Financial Modeling",2,1,"Cluster 1: financial, modeling",-0.014587986033980533,-0.06926150633525242
job_0083,Business Intelligence Analyst,BCG,Delhi,7-10 years,6-14 Lacs PA,"Looking for a Business Intelligence Analyst at BCG in Delhi. The ideal candidate should have experience in Stakeholder Management, A/B Testing. Key responsibilities include product lifecycle management.",2026-01-25,https://example.com/jobs/83,Synthetic,2026-02-11 01:46:24.929395,7.0,10.0,Senior Level,6.0,14.0,10.0,"['A/B Testing', 'Stakeholder Management']","A/B Testing, Stakeholder Management",2,4,"Cluster 4: include product, product lifecycle",-0.3019487429643871,0.4470615749673856
job_0084,Data Analyst,Ola,Hyderabad,7-11 years,Not Disclosed,"Looking for a Data Analyst at Ola in Hyderabad. The ideal candidate should have experience in NLP, Tableau. Key responsibilities include driving growth.",2026-01-29,https://example.com/jobs/84,Synthetic,2026-02-11 01:46:24.929404,7.0,11.0,Senior Level,,,,"['NLP', 'Tableau']","NLP, Tableau",2,0,"Cluster 0: growth, include driving",-0.17363953151650383,-0.28945201607747617
job_0085,Technical PM,Google,Pune,4-6 years,6-16 Lacs PA,"Looking for a Technical PM at Google in Pune. The ideal candidate should have experience in Google Analytics, Excel. Key responsibilities include product lifecycle management.",2026-01-04,https://example.com/jobs/85,Synthetic,2026-02-11 01:46:24.929412,4.0,6.0,Mid Level,6.0,16.0,11.0,"['Excel', 'Google Analytics']","Excel, Google Analytics",2,4,"Cluster 4: include product, product lifecycle",-0.11728059723145022,0.2397405062079875
job_0086,Technical PM,Microsoft,Bangalore,8-11 years,8-18 Lacs PA,"Looking for a Technical PM at Microsoft in Bangalore. The ideal candidate should have experience in Tableau, Product Roadmap. Key responsibilities include data-driven decision making.",2026-01-14,https://example.com/jobs/86,Synthetic,2026-02-11 01:46:24.929421,8.0,11.0,Senior Level,8.0,18.0,13.0,"['Product Roadmap', 'Tableau']","Product Roadmap, Tableau",2,2,"Cluster 2: driven decision, making",0.2947575329764117,-0.048524786038408964
job_0088,Business Analyst,PhonePe,Gurgaon,8-13 years,Not Disclosed,"Looking for a Business Analyst at PhonePe in Gurgaon. The ideal candidate should have experience in NLP, Tableau. Key responsibilities include driving growth.",2026-01-13,https://example.com/jobs/88,Synthetic,2026-02-11 01:46:24.929439,8.0,13.0,Senior Level,,,,"['NLP', 'Tableau']","NLP, Tableau",2,0,"Cluster 0: growth, include driving",-0.2656417797155856,-0.2694079325606942
job_0091,Management Consultant,BCG,Delhi,3-8 years,15-21 Lacs PA,"Looking for a Management Consultant at BCG in Delhi. The ideal candidate should have experience in Leadership, JIRA. Key responsibilities include data-driven decision making.",2026-01-04,https://example.com/jobs/91,Synthetic,2026-02-11 01:46:24.929470,3.0,8.0,Mid Level,15.0,21.0,18.0,"['JIRA', 'Leadership']","JIRA, Leadership",2,2,"Cluster 2: driven decision, making",0.2887371850842414,0.12791068221254995
job_0092,Business Intelligence Analyst,McKinsey & Co,Gurgaon,6-11 years,10-15 Lacs PA,"Looking for a Business Intelligence Analyst at McKinsey & Co in Gurugram. The ideal candidate should have experience in Leadership, Figma. Key responsibilities include strategic planning.",2026-01-02,https://example.com/jobs/92,Synthetic,2026-02-11 01:46:24.929479,6.0,11.0,Senior Level,10.0,15.0,12.5,"['Figma', 'Leadership']","Figma, Leadership",2,3,"Cluster 3: planning, strategic",-0.2093575167906049,-0.025424302066372393
job_0093,Growth PM,Google,Mumbai,0-3 years,7-16 Lacs PA,"Looking for a Growth PM at Google in Mumbai. The ideal candidate should have experience in Excel, SQL. Key responsibilities include product lifecycle management.",2026-01-02,https://example.com/jobs/93,Synthetic,2026-02-11 01:46:24.929488,0.0,3.0,Entry Level,7.0,16.0,11.5,"['Excel', 'SQL']","Excel, SQL",2,4,"Cluster 4: include product, product lifecycle",-0.21242737727437144,0.23702743471520454
job_0095,Management Consultant,McKinsey & Co,Mumbai,5-10 years,15-21 Lacs PA,"Looking for a Management Consultant at McKinsey & Co in Mumbai. The ideal candidate should have experience in Product Roadmap, Stakeholder Management. Key responsibilities include strategic planning.",2026-01-21,https://example.com/jobs/95,Synthetic,2026-02-11 01:46:24.929507,5.0,10.0,Senior Level,15.0,21.0,18.0,"['Product Roadmap', 'Stakeholder Management']","Product Roadmap, Stakeholder Management",2,3,"Cluster 3: planning, strategic",-0.15947404109603794,0.3147182009696416
job_0097,Growth PM,Razorpay,Gurgaon,1-5 years,9-13 Lacs PA,"Looking for a Growth PM at Razorpay in Gurugram. The ideal candidate should have experience in Tableau, Financial Modeling. Key responsibilities include product lifecycle management.",2026-01-03,https://example.com/jobs/97,Synthetic,2026-02-11 01:46:24.929524,1.0,5.0,Entry Level,9.0,13.0,11.0,"['Financial Modeling', 'Tableau']","Financial Modeling, Tableau",2,4,"Cluster 4: include product, product lifecycle",-0.05711553729266071,0.12431464252855397
job_0103,Business Analyst,Microsoft,Mumbai,2-5 years,Not Disclosed,"Looking for a Business Analyst at Microsoft in Mumbai. The ideal candidate should have experience in Leadership, Power BI. Key responsibilities include data-driven decision making.",2026-01-14,https://example.com/jobs/103,Synthetic,2026-02-11 01:46:24.929581,2.0,5.0,Mid Level,,,,"['Leadership', 'Power BI']","Leadership, Power BI",2,2,"Cluster 2: driven decision, making",0.24391244258546685,-0.02744689289585086
job_0106,Strategy Manager,Ola,Bangalore,2-5 years,24-29 Lacs PA,"Looking for a Strategy Manager at Ola in Bengaluru. The ideal candidate should have experience in Amplitude, User Research. Key responsibilities include strategic planning.",2026-01-16,https://example.com/jobs/106,Synthetic,2026-02-11 01:46:24.929610,2.0,5.0,Mid Level,24.0,29.0,26.5,"['Amplitude', 'Strategy', 'User Research']","Amplitude, Strategy, User Research",3,3,"Cluster 3: planning, strategic",-0.010098487245971222,0.004349211219320401
job_0107,Data Analyst,McKinsey & Co,Hyderabad,6-11 years,6-15 Lacs PA,"Looking for a Data Analyst at McKinsey & Co in Hyderabad. The ideal candidate should have experience in NLP, Mixpanel. Key responsibilities include driving growth.",2026-01-22,https://example.com/jobs/107,Synthetic,2026-02-11 01:46:24.929620,6.0,11.0,Senior Level,6.0,15.0,10.5,"['Mixpanel', 'NLP']","Mixpanel, NLP",2,0,"Cluster 0: growth, include driving",-0.10536150597889173,-0.26715650563239063
job_0109,Strategy Manager,Paytm,Pune,4-8 years,21-26 Lacs PA,"Looking for a Strategy Manager at Paytm in Pune. The ideal candidate should have experience in Google Analytics, Communication. Key responsibilities include strategic planning.",2026-01-21,https://example.com/jobs/109,Synthetic,2026-02-11 01:46:24.929640,4.0,8.0,Mid Level,21.0,26.0,23.5,"['Communication', 'Google Analytics', 'Strategy']","Communication, Google Analytics, Strategy",3,3,"Cluster 3: planning, strategic",-0.04784492973789818,-0.017483240121152637
job_0111,Business Intelligence Analyst,Deloitte,Pune,2-6 years,8-14 Lacs PA,"Looking for a Business Intelligence Analyst at Deloitte in Pune. The ideal candidate should have experience in Stakeholder Management, Excel. Key responsibilities include driving growth.",2026-01-21,https://example.com/jobs/111,Synthetic,2026-02-11 01:46:24.929660,2.0,6.0,Mid Level,8.0,14.0,11.0,"['Excel', 'Stakeholder Management']","Excel, Stakeholder Management",2,0,"Cluster 0: growth, include driving",-0.25053083213252203,0.003900758015043621
job_0112,Product Manager,Deloitte,Gurgaon,3-5 years,24-33 Lacs PA,"Looking for a Product Manager at Deloitte in Gurugram. The ideal candidate should have experience in Financial Modeling, User Research. Key responsibilities include data-driven decision making.",2026-01-31,https://example.com/jobs/112,Synthetic,2026-02-11 01:46:24.929670,3.0,5.0,Mid Level,24.0,33.0,28.5,"['Financial Modeling', 'User Research']","Financial Modeling, User Research",2,1,"Cluster 1: financial, modeling",0.40267645721934314,0.13533665784325458
job_0113,Technical PM,Flipkart,Bangalore,4-9 years,12-17 Lacs PA,"Looking for a Technical PM at Flipkart in Bangalore. The ideal candidate should have experience in Machine Learning, A/B Testing. Key responsibilities include driving growth.",2026-01-30,https://example.com/jobs/113,Synthetic,2026-02-11 01:46:24.929683,4.0,9.0,Mid Level,12.0,17.0,14.5,"['A/B Testing', 'Machine Learning']","A/B Testing, Machine Learning",2,0,"Cluster 0: growth, include driving",-0.08065898634227064,-0.24023662718683714
job_0115,Strategy Manager,Uber,Gurgaon,8-10 years,20-30 Lacs PA,"Looking for a Strategy Manager at Uber in Gurugram. The ideal candidate should have experience in Financial Modeling, Python. Key responsibilities include data-driven decision making.",2026-01-26,https://example.com/jobs/115,Synthetic,2026-02-11 01:46:24.929704,8.0,10.0,Senior Level,20.0,30.0,25.0,"['Financial Modeling', 'Python', 'Strategy']","Financial Modeling, Python, Strategy",3,1,"Cluster 1: financial, modeling",0.5219953517690801,-0.012762020762416254
job_0117,Management Consultant,Tata Consultancy Services,Pune,5-7 years,Not Disclosed,"Looking for a Management Consultant at Tata Consultancy Services in Pune. The ideal candidate should have experience in Communication, Python. Key responsibilities include data-driven decision making.",2026-01-22,https://example.com/jobs/117,Synthetic,2026-02-11 01:46:24.929723,5.0,7.0,Senior Level,,,,"['Communication', 'Python']","Communication, Python",2,2,"Cluster 2: driven decision, making",0.3167638987319722,0.08518788477279392
job_0118,Product Manager,Reliance Industries,Mumbai,7-11 years,20-32 Lacs PA,"Looking for a Product Manager at Reliance Industries in Mumbai. The ideal candidate should have experience in Machine Learning, Stakeholder Management. Key responsibilities include driving growth.",2026-01-27,https://example.com/jobs/118,Synthetic,2026-02-11 01:46:24.929733,7.0,11.0,Senior Level,20.0,32.0,26.0,"['Machine Learning', 'Stakeholder Management']","Machine Learning, Stakeholder Management",2,0,"Cluster 0: growth, include driving",-0.08284034620037803,0.0876019451163524
job_0119,Business Intelligence Analyst,Google,Pune,6-9 years,6-11 Lacs PA,"Looking for a Business Intelligence Analyst at Google in Pune. The ideal candidate should have experience in NLP, Communication. Key responsibilities include product lifecycle management.",2026-01-20,https://example.com/jobs/119,Synthetic,2026-02-11 01:46:24.929742,6.0,9.0,Senior Level,6.0,11.0,8.5,"['Communication', 'NLP']","Communication, NLP",2,4,"Cluster 4: include product, product lifecycle",-0.28181658875484605,0.3585661573285037
job_0121,Technical PM,Ola,Mumbai,1-5 years,8-16 Lacs PA,"Looking for a Technical PM at Ola in Mumbai. The ideal candidate should have experience in Market Research, SQL. Key responsibilities include data-driven decision making.",2026-01-24,https://example.com/jobs/121,Synthetic,2026-02-11 01:46:24.929772,1.0,5.0,Entry Level,8.0,16.0,12.0,"['Market Research', 'SQL']","Market Research, SQL",2,2,"Cluster 2: driven decision, making",0.2540780780605933,-0.042565109942591176
job_0123,Business Intelligence Analyst,Swiggy,Gurgaon,4-9 years,12-21 Lacs PA,"Looking for a Business Intelligence Analyst at Swiggy in Gurugram. The ideal candidate should have experience in A/B Testing, Leadership. Key responsibilities include product lifecycle management.",2026-01-22,https://example.com/jobs/123,Synthetic,2026-02-11 01:46:24.929793,4.0,9.0,Mid Level,12.0,21.0,16.5,"['A/B Testing', 'Leadership']","A/B Testing, Leadership",2,4,"Cluster 4: include product, product lifecycle",-0.2654332715671161,0.3856943400316588
job_0125,Technical PM,Paytm,Gurgaon,2-5 years,9-19 Lacs PA,"Looking for a Technical PM at Paytm in Gurugram. The ideal candidate should have experience in Mixpanel, JIRA. Key responsibilities include data-driven decision making.",2026-01-29,https://example.com/jobs/125,Synthetic,2026-02-11 01:46:24.929813,2.0,5.0,Mid Level,9.0,19.0,14.0,"['JIRA', 'Mixpanel']","JIRA, Mixpanel",2,2,"Cluster 2: driven decision, making",0.37961620328904105,-0.13252504518418462
job_0127,Business Analyst,Flipkart,Hyderabad,2-4 years,8-18 Lacs PA,"Looking for a Business Analyst at Flipkart in Hyderabad. The ideal candidate should have experience in Financial Modeling, Stakeholder Management. Key responsibilities include driving growth.",2026-01-28,https://example.com/jobs/127,Synthetic,2026-02-11 01:46:24.929833,2.0,4.0,Mid Level,8.0,18.0,13.0,"['Financial Modeling', 'Stakeholder Management']","Financial Modeling, Stakeholder Management",2,0,"Cluster 0: growth, include driving",-0.13802331048597888,-0.04226647042708035
job_0130,Business Analyst,BCG,Hyderabad,4-7 years,11-20 Lacs PA,"Looking for a Business Analyst at BCG in Hyderabad. The ideal candidate should have experience in Excel, Mixpanel. Key responsibilities include product lifecycle management.",2026-01-03,https://example.com/jobs/130,Synthetic,2026-02-11 01:46:24.929865,4.0,7.0,Mid Level,11.0,20.0,15.5,"['Excel', 'Mixpanel']","Excel, Mixpanel",2,4,"Cluster 4: include product, product lifecycle",-0.20308495508639537,0.32777440530012814
job_0134,Technical PM,BCG,Gurgaon,6-11 years,9-19 Lacs PA,"Looking for a Technical PM at BCG in Gurugram. The ideal candidate should have experience in Power BI, Financial Modeling. Key responsibilities include data-driven decision making.",2026-01-25,https://example.com/jobs/134,Synthetic,2026-02-11 01:46:24.929904,6.0,11.0,Senior Level,9.0,19.0,14.0,"['Financial Modeling', 'Power BI']","Financial Modeling, Power BI",2,1,"Cluster 1: financial, modeling",0.39134750874983554,-0.13890863240323426
job_0135,Business Intelligence Analyst,Amazon,Mumbai,7-12 years,9-18 Lacs PA,"Looking for a Business Intelligence Analyst at Amazon in Mumbai. The ideal candidate should have experience in Python, Tableau. Key responsibilities include strategic planning.",2026-01-10,https://example.com/jobs/135,Synthetic,2026-02-11 01:46:24.929916,7.0,12.0,Senior Level,9.0,18.0,13.5,"['Python', 'Tableau']","Python, Tableau",2,3,"Cluster 3: planning, strategic",-0.24895413434715402,-0.08737869156484489
job_0136,Business Intelligence Analyst,Microsoft,Gurgaon,4-8 years,8-17 Lacs PA,"Looking for a Business Intelligence Analyst at Microsoft in Gurugram. The ideal candidate should have experience in A/B Testing, User Research. Key responsibilities include product lifecycle management.",2026-01-08,https://example.com/jobs/136,Synthetic,2026-02-11 01:46:24.929925,4.0,8.0,Mid Level,8.0,17.0,12.5,"['A/B Testing', 'User Research']","A/B Testing, User Research",2,4,"Cluster 4: include product, product lifecycle",-0.21012014770540027,0.4215055623982331
job_0137,Data Analyst,Razorpay,Hyderabad,6-9 years,7-14 Lacs PA,"Looking for a Data Analyst at Razorpay in Hyderabad. The ideal candidate should have experience in Tableau, Stakeholder Management. Key responsibilities include driving growth.",2026-01-04,https://example.com/jobs/137,Synthetic,2026-02-11 01:46:24.929935,6.0,9.0,Senior Level,7.0,14.0,10.5,"['Stakeholder Management', 'Tableau']","Stakeholder Management, Tableau",2,0,"Cluster 0: growth, include driving",-0.15634279382359156,-0.10107464967108808
job_0140,Strategy Manager,Microsoft,Bangalore,0-3 years,19-28 Lacs PA,"Looking for a Strategy Manager at Microsoft in Bengaluru. The ideal candidate should have experience in Machine Learning, Mixpanel. Key responsibilities include data-driven decision making.",2026-01-25,https://example.com/jobs/140,Synthetic,2026-02-11 01:46:24.929963,0.0,3.0,Entry Level,19.0,28.0,23.5,"['Machine Learning', 'Mixpanel', 'Strategy']","Machine Learning, Mixpanel, Strategy",3,1,"Cluster 1: financial, modeling",0.5323022038675139,-0.0051372904912605636
job_0144,Business Analyst,Zomato,Bangalore,2-5 years,Not Disclosed,"Looking for a Business Analyst at Zomato in Bengaluru. The ideal candidate should have experience in Python, Leadership. Key responsibilities include product lifecycle management.",2026-01-21,https://example.com/jobs/144,Synthetic,2026-02-11 01:46:24.930001,2.0,5.0,Mid Level,,,,"['Leadership', 'Python']","Leadership, Python",2,4,"Cluster 4: include product, product lifecycle",-0.19325136116366218,0.3074121861711801
job_0146,Growth PM,Microsoft,Gurgaon,2-4 years,8-14 Lacs PA,"Looking for a Growth PM at Microsoft in Gurugram. The ideal candidate should have experience in Figma, Tableau. Key responsibilities include driving growth.",2026-01-23,https://example.com/jobs/146,Synthetic,2026-02-11 01:46:24.930019,2.0,4.0,Mid Level,8.0,14.0,11.0,"['Figma', 'Tableau']","Figma, Tableau",2,0,"Cluster 0: growth, include driving",-0.13628920969153085,-0.3315860887884284
job_0148,Strategy Manager,Swiggy,Bangalore,6-11 years,Not Disclosed,"Looking for a Strategy Manager at Swiggy in Bengaluru. The ideal candidate should have experience in Python, JIRA. Key responsibilities include data-driven decision making.",2026-01-19,https://example.com/jobs/148,Synthetic,2026-02-11 01:46:24.930037,6.0,11.0,Senior Level,,,,"['JIRA', 'Python', 'Strategy']","JIRA, Python, Strategy",3,1,"Cluster 1: financial, modeling",0.4671161300337521,-0.03585740865861482
job_0149,Business Intelligence Analyst,Tata Consultancy Services,Gurgaon,4-6 years,12-20 Lacs PA,"Looking for a Business Intelligence Analyst at Tata Consultancy Services in Gurugram. The ideal candidate should have experience in Stakeholder Management, Financial Modeling. Key responsibilities include data-driven decision making.",2026-01-27,https://example.com/jobs/149,Synthetic,2026-02-11 01:46:24.930046,4.0,6.0,Mid Level,12.0,20.0,16.0,"['Financial Modeling', 'Stakeholder Management']","Financial Modeling, Stakeholder Management",2,2,"Cluster 2: driven decision, making",0.2779657913315375,0.10306145079196026
job_0152,Product Manager,McKinsey & Co,Pune,1-4 years,25-40 Lacs PA,"Looking for a Product Manager at McKinsey & Co in Pune. The ideal candidate should have experience in Machine Learning, Financial Modeling. Key responsibilities include data-driven decision making.",2026-01-29,https://example.com/jobs/152,Synthetic,2026-02-11 01:46:24.930073,1.0,4.0,Entry Level,25.0,40.0,32.5,"['Financial Modeling', 'Machine Learning']","Financial Modeling, Machine Learning",2,1,"Cluster 1: financial, modeling",0.48446793677851996,0.07474183782866824
job_0155,Business Analyst,Deloitte,Hyderabad,5-7 years,12-18 Lacs PA,"Looking for a Business Analyst at Deloitte in Hyderabad. The ideal candidate should have experience in A/B Testing, SQL. Key responsibilities include driving growth.",2026-01-22,https://example.com/jobs/155,Synthetic,2026-02-11 01:46:24.930102,5.0,7.0,Senior Level,12.0,18.0,15.0,"['A/B Testing', 'SQL']","A/B Testing, SQL",2,0,"Cluster 0: growth, include driving",-0.30447185334233523,-0.16443577558538783
job_0156,Data Analyst,Deloitte,Hyderabad,1-6 years,Not Disclosed,"Looking for a Data Analyst at Deloitte in Hyderabad. The ideal candidate should have experience in Communication, JIRA. Key responsibilities include strategic planning.",2026-01-27,https://example.com/jobs/156,Synthetic,2026-02-11 01:46:24.930111,1.0,6.0,Entry Level,,,,"['Communication', 'JIRA']","Communication, JIRA",2,3,"Cluster 3: planning, strategic",-0.11767999386469864,-0.12995630435548017
job_0162,Business Analyst,Reliance Industries,Delhi,6-11 years,10-18 Lacs PA,"Looking for a Business Analyst at Reliance Industries in Delhi. The ideal candidate should have experience in Tableau, Amplitude. Key responsibilities include driving growth.",2026-01-04,https://example.com/jobs/162,Synthetic,2026-02-11 01:46:24.930166,6.0,11.0,Senior Level,10.0,18.0,14.0,"['Amplitude', 'Tableau']","Amplitude, Tableau",2,0,"Cluster 0: growth, include driving",-0.2588497088101475,-0.19242262283612577
job_0164,Business Analyst,Swiggy,Delhi,0-5 years,9-18 Lacs PA,"Looking for a Business Analyst at Swiggy in Delhi. The ideal candidate should have experience in User Research, Power BI. Key responsibilities include strategic planning.",2026-01-13,https://example.com/jobs/164,Synthetic,2026-02-11 01:46:24.930184,0.0,5.0,Entry Level,9.0,18.0,13.5,"['Power BI', 'User Research']","Power BI, User Research",2,3,"Cluster 3: planning, strategic",-0.24615121147903826,0.0007519422044808789
job_0170,Growth PM,BCG,Pune,1-5 years,12-22 Lacs PA,"Looking for a Growth PM at BCG in Pune. The ideal candidate should have experience in SQL, Tableau. Key responsibilities include strategic planning.",2026-01-07,https://example.com/jobs/170,Synthetic,2026-02-11 01:46:24.930243,1.0,5.0,Entry Level,12.0,22.0,17.0,"['SQL', 'Tableau']","SQL, Tableau",2,3,"Cluster 3: planning, strategic",-0.24201416943350876,-0.24041151921369427
job_0172,Growth PM,Amazon,Gurgaon,7-9 years,7-16 Lacs PA,"Looking for a Growth PM at Amazon in Gurgaon. The ideal candidate should have experience in SQL, Leadership. Key responsibilities include strategic planning.",2026-01-31,https://example.com/jobs/172,Synthetic,2026-02-11 01:46:24.930263,7.0,9.0,Senior Level,7.0,16.0,11.5,"['Leadership', 'SQL']","Leadership, SQL",2,3,"Cluster 3: planning, strategic",-0.22095393063139807,-0.285034399993995
job_0178,Technical PM,Tata Consultancy Services,Bangalore,0-5 years,6-11 Lacs PA,"Looking for a Technical PM at Tata Consultancy Services in Bengaluru. The ideal candidate should have experience in Communication, JIRA. Key responsibilities include driving growth.",2026-01-19,https://example.com/jobs/178,Synthetic,2026-02-11 01:46:24.930316,0.0,5.0,Entry Level,6.0,11.0,8.5,"['Communication', 'JIRA']","Communication, JIRA",2,0,"Cluster 0: growth, include driving",-0.04748465019365325,-0.277630490249056
job_0180,Data Analyst,Paytm,Bangalore,3-6 years,Not Disclosed,"Looking for a Data Analyst at Paytm in Bengaluru. The ideal candidate should have experience in Excel, Google Analytics. Key responsibilities include data-driven decision making.",2026-01-20,https://example.com/jobs/180,Synthetic,2026-02-11 01:46:24.930333,3.0,6.0,Mid Level,,,,"['Excel', 'Google Analytics']","Excel, Google Analytics",2,2,"Cluster 2: driven decision, making",0.3448251560759406,0.001381524829430506
job_0200,Growth PM,Ola,Gurgaon,1-3 years,6-10 Lacs PA,"Looking for a Growth PM at Ola in Gurgaon. The ideal candidate should have experience in Stakeholder Management, Market Research. Key responsibilities include strategic planning.",2026-01-02,https://example.com/jobs/200,Synthetic,2026-02-11 01:46:24.930528,1.0,3.0,Entry Level,6.0,10.0,8.0,"['Market Research', 'Stakeholder Management']","Market Research, Stakeholder Management",2,3,"Cluster 3: planning, strategic",-0.20218997187099425,-0.0690940418926935
job_0203,Strategy Manager,Tata Consultancy Services,Bangalore,4-9 years,23-34 Lacs PA,"Looking for a Strategy Manager at Tata Consultancy Services in Bangalore. The ideal candidate should have experience in Google Analytics, Financial Modeling. Key responsibilities include driving growth.",2026-01-12,https://example.com/jobs/203,Synthetic,2026-02-11 01:46:24.930556,4.0,9.0,Mid Level,23.0,34.0,28.5,"['Financial Modeling', 'Google Analytics', 'Strategy']","Financial Modeling, Google Analytics, Strategy",3,1,"Cluster 1: financial, modeling",0.08819292832490422,-0.15024642219656698
job_0210,Product Manager,Paytm,Bangalore,0-4 years,20-30 Lacs PA,"Looking for a Product Manager at Paytm in Bangalore. The ideal candidate should have experience in Power BI, Excel. Key responsibilities include strategic planning.",2026-01-18,https://example.com/jobs/210,Synthetic,2026-02-11 01:46:24.930618,0.0,4.0,Entry Level,20.0,30.0,25.0,"['Excel', 'Power BI']","Excel, Power BI",2,3,"Cluster 3: planning, strategic",-0.0998251398523218,-0.006101812510697434
job_0212,Data Analyst,Google,Bangalore,1-6 years,7-14 Lacs PA,"Looking for a Data Analyst at Google in Bangalore. The ideal candidate should have experience in A/B Testing, Amplitude. Key responsibilities include driving growth.",2026-01-01,https://example.com/jobs/212,Synthetic,2026-02-11 01:46:24.930637,1.0,6.0,Entry Level,7.0,14.0,10.5,"['A/B Testing', 'Amplitude']","A/B Testing, Amplitude",2,0,"Cluster 0: growth, include driving",-0.12279121602613972,-0.1796527915890226
job_0215,Data Analyst,Flipkart,Gurgaon,6-10 years,10-14 Lacs PA,"Looking for a Data Analyst at Flipkart in Gurugram. The ideal candidate should have experience in Mixpanel, Python. Key responsibilities include strategic planning.",2026-01-03,https://example.com/jobs/215,Synthetic,2026-02-11 01:46:24.930665,6.0,10.0,Senior Level,10.0,14.0,12.0,"['Mixpanel', 'Python']","Mixpanel, Python",2,3,"Cluster 3: planning, strategic",-0.05675314595230086,-0.10388020231462583
job_0235,Management Consultant,Reliance Industries,Bangalore,6-11 years,22-34 Lacs PA,"Looking for a Management Consultant at Reliance Industries in Bangalore. The ideal candidate should have experience in Market Research, NLP. Key responsibilities include product lifecycle management.",2026-01-04,https://example.com/jobs/235,Synthetic,2026-02-11 01:46:24.930854,6.0,11.0,Senior Level,22.0,34.0,28.0,"['Market Research', 'NLP']","Market Research, NLP",2,4,"Cluster 4: include product, product lifecycle",-0.13104725360172725,0.37833358695872676
job_0241,Management Consultant,Razorpay,Mumbai,1-4 years,25-40 Lacs PA,"Looking for a Management Consultant at Razorpay in Mumbai. The ideal candidate should have experience in Stakeholder Management, Machine Learning. Key responsibilities include data-driven decision making.",2026-01-21,https://example.com/jobs/241,Synthetic,2026-02-11 01:46:24.930913,1.0,4.0,Entry Level,25.0,40.0,32.5,"['Machine Learning', 'Stakeholder Management']","Machine Learning, Stakeholder Management",2,2,"Cluster 2: driven decision, making",0.32819410328230475,0.27859996134337744
job_0257,Growth PM,Swiggy,Gurgaon,5-8 years,7-17 Lacs PA,"Looking for a Growth PM at Swiggy in Gurgaon. The ideal candidate should have experience in SQL, Mixpanel. Key responsibilities include data-driven decision making.",2026-01-13,https://example.com/jobs/257,Synthetic,2026-02-11 01:46:24.931062,5.0,8.0,Senior Level,7.0,17.0,12.0,"['Mixpanel', 'SQL']","Mixpanel, SQL",2,2,"Cluster 2: driven decision, making",0.2612070032992853,-0.19223801481823594
job_0259,Product Manager,PhonePe,Mumbai,4-6 years,Not Disclosed,"Looking for a Product Manager at PhonePe in Mumbai. The ideal candidate should have experience in NLP, Tableau. Key responsibilities include product lifecycle management.",2026-01-14,https://example.com/jobs/259,Synthetic,2026-02-11 01:46:24.931081,4.0,6.0,Mid Level,,,,"['NLP', 'Tableau']","NLP, Tableau",2,4,"Cluster 4: include product, product lifecycle",-0.14882486721286753,0.34764947787555084
job_0264,Product Manager,Ola,Hyderabad,7-10 years,22-30 Lacs PA,"Looking for a Product Manager at Ola in Hyderabad. The ideal candidate should have experience in Stakeholder Management, JIRA. Key responsibilities include strategic planning.",2026-01-25,https://example.com/jobs/264,Synthetic,2026-02-11 01:46:24.931128,7.0,10.0,Senior Level,22.0,30.0,26.0,"['JIRA', 'Stakeholder Management']","JIRA, Stakeholder Management",2,3,"Cluster 3: planning, strategic",-0.15637449910433038,0.15125116516939535
job_0265,Data Analyst,Swiggy,Mumbai,8-12 years,10-18 Lacs PA,"Looking for a Data Analyst at Swiggy in Mumbai. The ideal candidate should have experience in Python, Leadership. Key responsibilities include driving growth.",2026-01-16,https://example.com/jobs/265,Synthetic,2026-02-11 01:46:24.931138,8.0,12.0,Senior Level,10.0,18.0,14.0,"['Leadership', 'Python']","Leadership, Python",2,0,"Cluster 0: growth, include driving",-0.09991421700400883,-0.21367446792790043
job_0274,Business Intelligence Analyst,Reliance Industries,Hyderabad,6-11 years,9-17 Lacs PA,"Looking for a Business Intelligence Analyst at Reliance Industries in Hyderabad. The ideal candidate should have experience in Excel, Python. Key responsibilities include data-driven decision making.",2026-01-11,https://example.com/jobs/274,Synthetic,2026-02-11 01:46:24.931229,6.0,11.0,Senior Level,9.0,17.0,13.0,"['Excel', 'Python']","Excel, Python",2,2,"Cluster 2: driven decision, making",0.17307926309991012,0.0023792397006734954
job_0285,Business Intelligence Analyst,Uber,Delhi,5-7 years,8-16 Lacs PA,"Looking for a Business Intelligence Analyst at Uber in Delhi. The ideal candidate should have experience in NLP, Communication. Key responsibilities include strategic planning.",2026-01-24,https://example.com/jobs/285,Synthetic,2026-02-11 01:46:24.931338,5.0,7.0,Senior Level,8.0,16.0,12.0,"['Communication', 'NLP']","Communication, NLP",2,3,"Cluster 3: planning, strategic",-0.3111618944414623,-0.01605404167342485
job_0290,Strategy Manager,PhonePe,Bangalore,0-4 years,20-26 Lacs PA,"Looking for a Strategy Manager at PhonePe in Bangalore. The ideal candidate should have experience in Mixpanel, Stakeholder Management. Key responsibilities include data-driven decision making.",2026-01-21,https://example.com/jobs/290,Synthetic,2026-02-11 01:46:24.931387,0.0,4.0,Entry Level,20.0,26.0,23.0,"['Mixpanel', 'Stakeholder Management', 'Strategy']","Mixpanel, Stakeholder Management, Strategy",3,1,"Cluster 1: financial, modeling",0.41174569500731123,0.0857690692767714
job_0300,Management Consultant,Amazon,Hyderabad,1-5 years,22-37 Lacs PA,"Looking for a Management Consultant at Amazon in Hyderabad. The ideal candidate should have experience in Figma, NLP. Key responsibilities include data-driven decision making.",2026-01-20,https://example.com/jobs/300,Synthetic,2026-02-11 01:46:24.931486,1.0,5.0,Entry Level,22.0,37.0,29.5,"['Figma', 'NLP']","Figma, NLP",2,2,"Cluster 2: driven decision, making",0.2879077924854377,0.07463683039492454
job_0303,Product Manager,Razorpay,Bangalore,7-11 years,21-29 Lacs PA,"Looking for a Product Manager at Razorpay in Bengaluru. The ideal candidate should have experience in JIRA, Mixpanel. Key responsibilities include strategic planning.",2026-01-05,https://example.com/jobs/303,Synthetic,2026-02-11 01:46:24.931520,7.0,11.0,Senior Level,21.0,29.0,25.0,"['JIRA', 'Mixpanel']","JIRA, Mixpanel",2,3,"Cluster 3: planning, strategic",-0.04480283390555663,0.026363145919898103
job_0314,Technical PM,Amazon,Hyderabad,0-2 years,10-20 Lacs PA,"Looking for a Technical PM at Amazon in Hyderabad. The ideal candidate should have experience in Machine Learning, Stakeholder Management. Key responsibilities include data-driven decision making.",2026-01-20,https://example.com/jobs/314,Synthetic,2026-02-11 01:46:24.931621,0.0,2.0,Entry Level,10.0,20.0,15.0,"['Machine Learning', 'Stakeholder Management']","Machine Learning, Stakeholder Management",2,2,"Cluster 2: driven decision, making",0.3268283458609574,0.0009808708993626844
job_0319,Business Intelligence Analyst,Flipkart,Gurgaon,5-8 years,10-16 Lacs PA,"Looking for a Business Intelligence Analyst at Flipkart in Gurgaon. The ideal candidate should have experience in User Research, Power BI. Key responsibilities include driving growth.",2026-01-23,https://example.com/jobs/319,Synthetic,2026-02-11 01:46:24.931669,5.0,8.0,Senior Level,10.0,16.0,13.0,"['Power BI', 'User Research']","Power BI, User Research",2,0,"Cluster 0: growth, include driving",-0.259555817486202,-0.10964438092484549
job_0322,Product Manager,Google,Gurgaon,7-9 years,20-27 Lacs PA,"Looking for a Product Manager at Google in Gurgaon. The ideal candidate should have experience in Mixpanel, Communication. Key responsibilities include data-driven decision making.",2026-01-09,https://example.com/jobs/322,Synthetic,2026-02-11 01:46:24.931700,7.0,9.0,Senior Level,20.0,27.0,23.5,"['Communication', 'Mixpanel']","Communication, Mixpanel",2,2,"Cluster 2: driven decision, making",0.34015349270673634,0.08477003406185606
job_0327,Management Consultant,Microsoft,Bangalore,3-6 years,18-32 Lacs PA,"Looking for a Management Consultant at Microsoft in Bengaluru. The ideal candidate should have experience in Excel, Machine Learning. Key responsibilities include data-driven decision making.",2026-01-01,https://example.com/jobs/327,Synthetic,2026-02-11 01:46:24.931746,3.0,6.0,Mid Level,18.0,32.0,25.0,"['Excel', 'Machine Learning']","Excel, Machine Learning",2,2,"Cluster 2: driven decision, making",0.4411930885624409,0.1627624515437679
job_0328,Technical PM,Reliance Industries,Gurgaon,7-12 years,11-21 Lacs PA,"Looking for a Technical PM at Reliance Industries in Gurugram. The ideal candidate should have experience in Python, User Research. Key responsibilities include data-driven decision making.",2026-01-31,https://example.com/jobs/328,Synthetic,2026-02-11 01:46:24.931755,7.0,12.0,Senior Level,11.0,21.0,16.0,"['Python', 'User Research']","Python, User Research",2,2,"Cluster 2: driven decision, making",0.281463254174962,-0.047430587749874464
job_0408,Data Analyst,Amazon,Bangalore,2-6 years,10-16 Lacs PA,"Looking for a Data Analyst at Amazon in Bengaluru. The ideal candidate should have experience in Power BI, Python. Key responsibilities include driving growth.",2026-01-25,https://example.com/jobs/408,Synthetic,2026-02-11 01:46:24.932507,2.0,6.0,Mid Level,10.0,16.0,13.0,"['Power BI', 'Python']","Power BI, Python",2,0,"Cluster 0: growth, include driving",-0.058806176528989215,-0.2976839021971349
job_0425,Business Analyst,Paytm,Gurgaon,2-4 years,10-19 Lacs PA,"Looking for a Business Analyst at Paytm in Gurugram. The ideal candidate should have experience in SQL, Communication. Key responsibilities include strategic planning.",2026-01-25,https://example.com/jobs/425,Synthetic,2026-02-11 01:46:24.932926,2.0,4.0,Mid Level,10.0,19.0,14.5,"['Communication', 'SQL']","Communication, SQL",2,3,"Cluster 3: planning, strategic",-0.23455773400175453,-0.0174654229282755
job_0427,Product Manager,Swiggy,Gurgaon,7-10 years,Not Disclosed,"Looking for a Product Manager at Swiggy in Gurgaon. The ideal candidate should have experience in Mixpanel, Communication. Key responsibilities include driving growth.",2026-01-05,https://example.com/jobs/427,Synthetic,2026-02-11 01:46:24.932957,7.0,10.0,Senior Level,,,,"['Communication', 'Mixpanel']","Communication, Mixpanel",2,0,"Cluster 0: growth, include driving",-0.12033424508411612,-0.09461621990891513
job_0454,Business Analyst,Ola,Bangalore,3-7 years,6-14 Lacs PA,"Looking for a Business Analyst at Ola in Bangalore. The ideal candidate should have experience in JIRA, Communication. Key responsibilities include strategic planning.",2026-01-30,https://example.com/jobs/454,Synthetic,2026-02-11 01:46:24.933425,3.0,7.0,Mid Level,6.0,14.0,10.0,"['Communication', 'JIRA']","Communication, JIRA",2,3,"Cluster 3: planning, strategic",-0.21730194959801,-0.08063730557355661
job_0466,Business Intelligence Analyst,Paytm,Gurgaon,5-9 years,12-22 Lacs PA,"Looking for a Business Intelligence Analyst at Paytm in Gurgaon. The ideal candidate should have experience in Python, Market Research. Key responsibilities include data-driven decision making.",2026-01-14,https://example.com/jobs/466,Synthetic,2026-02-11 01:46:24.933625,5.0,9.0,Senior Level,12.0,22.0,17.0,"['Market Research', 'Python']","Market Research, Python",2,2,"Cluster 2: driven decision, making",0.1888991341949949,0.007132368155629606
job_0559,Data Analyst,Reliance Industries,Hyderabad,2-6 years,9-13 Lacs PA,"Looking for a Data Analyst at Reliance Industries in Hyderabad. The ideal candidate should have experience in Stakeholder Management, Python. Key responsibilities include strategic planning.",2026-01-24,https://example.com/jobs/559,Synthetic,2026-02-11 01:46:24.935275,2.0,6.0,Mid Level,9.0,13.0,11.0,"['Python', 'Stakeholder Management']","Python, Stakeholder Management",2,3,"Cluster 3: planning, strategic",-0.1308432789515628,-0.0012640202314177014
